title,url,section

!!!!Unreachable!!!!!
Как изменить отношение старшего? Приемы, позволяющие переломить ситуацию,https://transmagia.house/%d0%ba%d0%b0%d0%ba-%d0%b8%d0%b7%d0%bc%d0%b5%d0%bd%d0%b8%d1%82%d1%8c-%d0%be%d1%82%d0%bd%d0%be%d1%88%d0%b5%d0%bd%d0%b8%d0%b5-%d1%81%d1%82%d0%b0%d1%80%d1%88%d0%b5%d0%b3%d0%be-%d0%bf%d1%80%d0%b8%d0%b5/,translations

Убийцы Сердец: Меня наняли, чтобы добиться расположения убийцы,https://transmagia.house/%d1%83%d0%b1%d0%b8%d0%b9%d1%86%d1%8b-%d1%81%d0%b5%d1%80%d0%b4%d0%b5%d1%86-%d0%bc%d0%b5%d0%bd%d1%8f-%d0%bd%d0%b0%d0%bd%d1%8f%d0%bb%d0%b8-%d1%87%d1%82%d0%be%d0%b1%d1%8b-%d0%b4%d0%be%d0%b1%d0%b8%d1%82/,translations

some issues With warnings
История Кинна и Порша. Жестокая любовь. История мафиозного клана,https://transmagia.house/%d0%b8%d1%81%d1%82%d0%be%d1%80%d0%b8%d1%8f-%d0%ba%d0%b8%d0%bd%d0%bd%d0%b0-%d0%b8-%d0%bf%d0%be%d1%80%d1%88%d0%b0-%d0%b6%d0%b5%d1%81%d1%82%d0%be%d0%ba%d0%b0%d1%8f-%d0%bb%d1%8e%d0%b1%d0%be%d0%b2%d1%8c/,translations

История Тайма Тэ и Тэма,https://transmagia.house/%d0%b8%d1%81%d1%82%d0%be%d1%80%d0%b8%d1%8f-%d1%82%d0%b0%d0%b9%d0%bc%d0%b0-%d1%82%d1%8d-%d0%b8-%d1%82%d1%8d%d0%bc%d0%b0-time-tay-tem-story/,translations

Только друзья 1 Том,https://transmagia.house/%d1%82%d0%be%d0%bb%d1%8c%d0%ba%d0%be-%d0%b4%d1%80%d1%83%d0%b7%d1%8c%d1%8f-only-friends-1-%d1%82%d0%be%d0%bc/,translations


//------------//
 
Только друзья: Мечтатели,https://transmagia.house/%d1%82%d0%be%d0%bb%d1%8c%d0%ba%d0%be-%d0%b4%d1%80%d1%83%d0%b7%d1%8c%d1%8f-%d0%bc%d0%b5%d1%87%d1%82%d0%b0%d1%82%d0%b5%d0%bb%d0%b8-only-friends-dream-on/,translations
Возрождение. История бессмертных,https://transmagia.house/%d0%b2%d0%be%d0%b7%d1%80%d0%be%d0%b6%d0%b4%d0%b5%d0%bd%d0%b8%d0%b5-%d0%b8%d1%81%d1%82%d0%be%d1%80%d0%b8%d1%8f-%d0%b1%d0%b5%d1%81%d1%81%d0%bc%d0%b5%d1%80%d1%82%d0%bd%d1%8b%d1%85-revamp/,translations
Моя золотая кровь. Твоя кровь — моё дыхание,https://transmagia.house/%d0%bc%d0%be%d1%8f-%d0%b7%d0%be%d0%bb%d0%be%d1%82%d0%b0%d1%8f-%d0%ba%d1%80%d0%be%d0%b2%d1%8c-%d1%82%d0%b2%d0%be%d1%8f-%d0%ba%d1%80%d0%be%d0%b2%d1%8c-%d0%bc%d0%be%d1%91-%d0%b4%d1%8b%d1%85%d0%b0/,translations

Судьба любви из ада,https://transmagia.house/%d1%81%d1%83%d0%b4%d1%8c%d0%b1%d0%b0-%d0%bb%d1%8e%d0%b1%d0%b2%d0%b8-%d0%b8%d0%b7-%d0%b0%d0%b4%d0%b0-love-destiny-from-hell/,translations
Синдром выгорания,https://transmagia.house/%d1%81%d0%b8%d0%bd%d0%b4%d1%80%d0%be%d0%bc-%d0%b2%d1%8b%d0%b3%d0%be%d1%80%d0%b0%d0%bd%d0%b8%d1%8f-%f0%9d%97%95%f0%9d%97%a8%f0%9d%97%a5%f0%9d%97%a1%f0%9d%97%a2%f0%9d%97%a8%f0%9d%97%a7-%f0%9d%97%a6/,translations
Потому что мы вместе,https://transmagia.house/%d0%bf%d0%be%d1%82%d0%be%d0%bc%d1%83-%d1%87%d1%82%d0%be-%d0%bc%d1%8b-%d0%b2%d0%bc%d0%b5%d1%81%d1%82%d0%b5-2gether/,translations
Будь моим единственным. Поэма световых лет,https://transmagia.house/%d0%b1%d1%83%d0%b4%d1%8c-%d0%bc%d0%be%d0%b8%d0%bc-%d0%b5%d0%b4%d0%b8%d0%bd%d1%81%d1%82%d0%b2%d0%b5%d0%bd%d0%bd%d1%8b%d0%bc-%d0%bf%d0%be%d1%8d%d0%bc%d0%b0-%d1%81%d0%b2%d0%b5%d1%82%d0%be%d0%b2%d1%8b/,translations
Шампанское и розы,https://transmagia.house/%d1%88%d0%b0%d0%bc%d0%bf%d0%b0%d0%bd%d1%81%d0%ba%d0%be%d0%b5-%d0%b8-%d1%80%d0%be%d0%b7%d1%8b/,translations
Пятно,https://transmagia.house/%d0%bf%d1%8f%d1%82%d0%bd%d0%be-stain/,translations
Ванди Виттая,https://transmagia.house/%d0%b2%d0%b0%d0%bd%d0%b4%d0%b8-%d0%b2%d0%b8%d1%82%d1%82%d0%b0%d1%8f-%f0%9d%97%aa%f0%9d%97%94%f0%9d%97%a1%f0%9d%97%97%f0%9d%97%9c-%f0%9d%97%aa%f0%9d%97%9c%f0%9d%97%a7%f0%9d%97%a7%f0%9d%97%9b/,translations
Черри, Доброго дня!,https://transmagia.house/%d1%87%d0%b5%d1%80%d1%80%d0%b8-%d0%b4%d0%be%d0%b1%d1%80%d0%be%d0%b3%d0%be-%d0%b4%d0%bd%d1%8f-%f0%9d%97%aa%f0%9d%97%ae%f0%9d%97%bb-%f0%9d%97%a6%f0%9d%98%82%f0%9d%97%b8-%f0%9d%97%aa%f0%9d%97%b6/,translations
Ай запал на Ная,https://transmagia.house/%d0%b0%d0%b9-%d0%b7%d0%b0%d0%bf%d0%b0%d0%bb-%d0%bd%d0%b0-%d0%bd%d0%b0%d1%8f/,translations
АйНай и компания,https://transmagia.house/%d0%b0%d0%b9%d0%bd%d0%b0%d0%b9-%d0%b8-%d0%ba%d0%be%d0%bc%d0%bf%d0%b0%d0%bd%d0%b8%d1%8f/,translations
Половинка луны. Полумесяц. UNISTAR,https://transmagia.house/%d0%bf%d0%be%d0%bb%d0%be%d0%b2%d0%b8%d0%bd%d0%ba%d0%b0-%d0%bb%d1%83%d0%bd%d1%8b-%d0%bf%d0%be%d0%bb%d1%83%d0%bc%d0%b5%d1%81%d1%8f%d1%86/,translations
Невидимая луна. UNISTAR,https://transmagia.house/%d0%bd%d0%b5%d0%b2%d0%b8%d0%b4%d0%b8%d0%bc%d0%b0%d1%8f-%d0%bb%d1%83%d0%bd%d0%b0-unistar/,translations
Под Розой,https://transmagia.house/%d0%bf%d0%be%d0%b4-%d1%80%d0%be%d0%b7%d0%be%d0%b9-%f0%9d%97%a8%f0%9d%97%bb%f0%9d%97%b1%f0%9d%97%b2%f0%9d%97%bf-%f0%9d%98%81%f0%9d%97%b5%f0%9d%97%b2-%f0%9d%97%a5%f0%9d%97%bc%f0%9d%98%80%f0%9d%97%b2/,translations
Не играй с Аноном. Друг по постели,https://transmagia.house/%d0%bd%d0%b5-%d0%b8%d0%b3%d1%80%d0%b0%d0%b9-%d1%81-%d0%b0%d0%bd%d0%be%d0%bd%d0%be%d0%bc-%d0%b4%d1%80%d1%83%d0%b3-%d0%bf%d0%be-%d0%bf%d0%be%d1%81%d1%82%d0%b5%d0%bb%d0%b8-bed-friend/,translations
Ради нашей любви. КНИГА СПЕШЛОВ,https://transmagia.house/%d1%80%d0%b0%d0%b4%d0%b8-%d0%bd%d0%b0%d1%88%d0%b5%d0%b9-%d0%bb%d1%8e%d0%b1%d0%b2%d0%b8-for-our-love-%d0%ba%d0%bd%d0%b8%d0%b3%d0%b0-%d1%81%d0%bf%d0%b5%d1%88%d0%bb%d0%be%d0%b2/,translations
Мой босс — плохой парень,https://transmagia.house/%d0%bc%d0%be%d0%b9-%d0%b1%d0%be%d1%81%d1%81-%d0%bf%d0%bb%d0%be%d1%85%d0%be%d0%b9-%d0%bf%d0%b0%d1%80%d0%b5%d0%bd%d1%8c-bad-guy-my-boss/,translations
Любовное бегство: Друзья, которые (не) любят,https://transmagia.house/%d0%bb%d1%8e%d0%b1%d0%be%d0%b2%d0%bd%d0%be%d0%b5-%d0%b1%d0%b5%d0%b3%d1%81%d1%82%d0%b2%d0%be-%d0%b4%d1%80%d1%83%d0%b7%d1%8c%d1%8f-%d0%ba%d0%be%d1%82%d0%be%d1%80%d1%8b%d0%b5-%d0%bd%d0%b5-%d0%bb/,translations
Перезагрузка. Возрождение звезды. 1 том,https://transmagia.house/%d0%bf%d0%b5%d1%80%d0%b5%d0%b7%d0%b0%d0%b3%d1%80%d1%83%d0%b7%d0%ba%d0%b0-%d0%b2%d0%be%d0%b7%d1%80%d0%be%d0%b6%d0%b4%d0%b5%d0%bd%d0%b8%d0%b5-%d0%b7%d0%b2%d0%b5%d0%b7%d0%b4%d1%8b-reset-1-%d1%82/,translations
Перезагрузка. Возрождение звезды. 7 лет. 2 том,https://transmagia.house/%d0%bf%d0%b5%d1%80%d0%b5%d0%b7%d0%b0%d0%b3%d1%80%d1%83%d0%b7%d0%ba%d0%b0-%d0%b2%d0%be%d0%b7%d1%80%d0%be%d0%b6%d0%b4%d0%b5%d0%bd%d0%b8%d0%b5-%d0%b7%d0%b2%d0%b5%d0%b7%d0%b4%d1%8b-7-%d0%bb%d0%b5%d1%82/,translations
Смертельный вызов,https://transmagia.house/%d1%81%d0%bc%d0%b5%d1%80%d1%82%d0%b5%d0%bb%d1%8c%d0%bd%d1%8b%d0%b9-%d0%b2%d1%8b%d0%b7%d0%be%d0%b2-%f0%9d%97%97%f0%9d%97%ae%f0%9d%97%bf%f0%9d%97%b2-%f0%9d%97%ac%f0%9d%97%bc%f0%9d%98%82-%f0%9d%98%81/,translations
Битва писателей,https://transmagia.house/%d0%b1%d0%b8%d1%82%d0%b2%d0%b0-%d0%bf%d0%b8%d1%81%d0%b0%d1%82%d0%b5%d0%bb%d0%b5%d0%b9/,translations
Мелодия тайн,https://transmagia.house/%d0%bc%d0%b5%d0%bb%d0%be%d0%b4%d0%b8%d1%8f-%d1%82%d0%b0%d0%b9%d0%bd/,translations
Pit Babe,https://transmagia.house/pit-babe/,translations
Pit Babe 2,https://transmagia.house/pit-babe-2/,translations
Любовь на правой полосе,https://transmagia.house/%d0%bb%d1%8e%d0%b1%d0%be%d0%b2%d1%8c-%d0%bd%d0%b0-%d0%bf%d1%80%d0%b0%d0%b2%d0%be%d0%b9-%d0%bf%d0%be%d0%bb%d0%be%d1%81%d0%b5/,translations
Мой красивый парень 1 том,https://transmagia.house/%d0%bc%d0%be%d0%b9-%d0%ba%d1%80%d0%b0%d1%81%d0%b8%d0%b2%d1%8b%d0%b9-%d0%bf%d0%b0%d1%80%d0%b5%d0%bd%d1%8c-utsukushii-kare-1-%d1%82%d0%be%d0%bc/,translations
Он прекрасен/ Он ужасен (Мой красивый парень) 2 ТОМ,https://transmagia.house/%d0%be%d0%bd-%d0%bf%d1%80%d0%b5%d0%ba%d1%80%d0%b0%d1%81%d0%b5%d0%bd-%d0%be%d0%bd-%d1%83%d0%b6%d0%b0%d1%81%d0%b5%d0%bd-%d0%bc%d0%be%d0%b9-%d0%ba%d1%80%d0%b0%d1%81%d0%b8%d0%b2%d1%8b%d0%b9-%d0%bf%d0%b0/,translations
Мой проблемный парень 3 Том,https://transmagia.house/%d0%bc%d0%be%d0%b9-%d0%bf%d1%80%d0%be%d0%b1%d0%bb%d0%b5%d0%bc%d0%bd%d1%8b%d0%b9-%d0%bf%d0%b0%d1%80%d0%b5%d0%bd%d1%8c-%f0%9d%97%a0%f0%9d%98%86-%f0%9d%97%a7%f0%9d%97%bf%f0%9d%97%bc%f0%9d%98%82/,translations
 